{
  "calculated_at": "2026-02-02T14:30:48.421988",
  "n_samples": 721,
  "features": {
    "energy_kwh": {
      "mean": 80.48356224336085,
      "std": 34.01946259333515,
      "min": 13.196826500940947,
      "max": 226.93160888247155,
      "median": 81.75390457315561,
      "percentile_25": 51.261824051687206,
      "percentile_75": 105.89386657252146,
      "histogram": {
        "counts": [
          59,
          157,
          118,
          154,
          147,
          74,
          2,
          4,
          3,
          3
        ],
        "bin_edges": [
          13.196826500940947,
          34.57030473909401,
          55.94378297724707,
          77.31726121540012,
          98.69073945355319,
          120.06421769170626,
          141.4376959298593,
          162.81117416801237,
          184.18465240616544,
          205.5581306443185,
          226.93160888247155
        ]
      }
    },
    "outdoor_temp": {
      "mean": 19.953461612631774,
      "std": 7.065333529569449,
      "min": 3.6439984217313146,
      "max": 38.968697956161456,
      "median": 20.06748179642288,
      "percentile_25": 14.595174825539758,
      "percentile_75": 25.389649287229428,
      "histogram": {
        "counts": [
          20,
          55,
          95,
          113,
          116,
          127,
          98,
          70,
          26,
          1
        ],
        "bin_edges": [
          3.6439984217313146,
          7.176468375174329,
          10.708938328617343,
          14.241408282060355,
          17.773878235503368,
          21.306348188946384,
          24.838818142389396,
          28.371288095832412,
          31.903758049275424,
          35.43622800271844,
          38.968697956161456
        ]
      }
    }
  }
}